{
    "name": "rightfirstGeometry",
    "metadata": {
        "normals": 1,
        "generator": "io_three",
        "version": 3,
        "vertices": 4,
        "faces": 1,
        "uvs": 1,
        "type": "Geometry"
    },
    "vertices": [1.15091,-0.029662,0.170688,8.29476,-0.079024,0.182121,1.19987,7.11049,0.400996,8.34373,7.06113,0.412429],
    "faces": [41,0,1,3,2,0,1,2,3,0,0,0,0],
    "uvs": [[0,0,1,0,1,1,0,1]],
    "normals": [-0.001801,-0.032197,0.999451]
}