{
    "vertices": [2.6159,-2.6159,-2.61589,2.6159,-2.6159,2.6159,-2.6159,-2.6159,2.61589,-2.61589,-2.6159,-2.6159,2.6159,2.6159,-2.61589,2.61589,2.6159,2.6159,-2.6159,2.6159,2.61589,-2.61589,2.6159,-2.6159],
    "name": "CubeGeometry.2",
    "faces": [43,0,1,2,3,0,0,1,2,3,0,1,2,3,43,4,7,6,5,0,4,1,5,6,4,5,6,7,43,0,4,5,1,0,7,8,9,10,0,4,7,1,43,1,5,6,2,0,11,12,13,14,1,7,6,2,43,2,6,7,3,0,15,16,17,18,2,6,5,3,43,4,0,3,7,0,4,19,20,21,4,0,3,5],
    "influencesPerVertex": 2,
    "materials": [{
        "specularCoef": 50,
        "DbgIndex": 0,
        "depthWrite": true,
        "visible": true,
        "colorAmbient": [0.64,0.64,0.64],
        "opacity": 1,
        "colorEmissive": [0,0,0],
        "blending": "AdditiveBlending",
        "depthTest": true,
        "shading": "phong",
        "transparent": false,
        "mapDiffuse": "284a.png",
        "colorDiffuse": [0.64,0.64,0.64],
        "wireframe": false,
        "mapDiffuseAnisotropy": 1,
        "colorSpecular": [0.5,0.5,0.5],
        "DbgColor": 15658734,
        "mapDiffuseWrap": ["RepeatWrapping","RepeatWrapping"],
        "mapDiffuseRepeat": [1,1],
        "DbgName": "Material"
    }],
    "normals": [0.577349,-0.577349,-0.577349,0.577349,-0.577349,0.577349,-0.577349,-0.577349,0.577349,-0.577349,-0.577349,-0.577349,0.577349,0.577349,-0.577349,-0.577349,0.577349,-0.577349,-0.577349,0.577349,0.577349,0.577349,0.577349,0.577349],
    "metadata": {
        "type": "Geometry",
        "faces": 6,
        "version": 3,
        "uvs": 1,
        "vertices": 8,
        "materials": 1,
        "normals": 8,
        "generator": "io_three"
    },
    "skinIndices": [],
    "skinWeights": [],
    "uvs": [[0,0.666667,0.333333,0.666667,0.333333,1,0,1,0.333333,0.333333,0,0.666667,0,0.333333,0.666667,0.333333,0.333333,0.333333,0.333333,0,0.666667,0,0,0.333333,0,0,0.333333,0,0.333333,0.333333,1,0.333333,0.666667,0.333333,0.666667,0,1,0,0.666667,0.333333,0.666667,0.666667,0.333333,0.666667]]
}